-- phpMyAdmin SQL Dump
-- version 4.5.1
-- http://www.phpmyadmin.net
--
-- Host: 127.0.0.1
-- Generation Time: Nov 18, 2019 at 03:47 PM
-- Server version: 10.1.13-MariaDB
-- PHP Version: 5.5.37

SET SQL_MODE = "NO_AUTO_VALUE_ON_ZERO";
SET time_zone = "+00:00";


/*!40101 SET @OLD_CHARACTER_SET_CLIENT=@@CHARACTER_SET_CLIENT */;
/*!40101 SET @OLD_CHARACTER_SET_RESULTS=@@CHARACTER_SET_RESULTS */;
/*!40101 SET @OLD_COLLATION_CONNECTION=@@COLLATION_CONNECTION */;
/*!40101 SET NAMES utf8mb4 */;

--
-- Database: `pos`
--

-- --------------------------------------------------------

--
-- Table structure for table `category`
--

CREATE TABLE `category` (
  `id` int(11) NOT NULL,
  `name` longtext COLLATE utf8_unicode_ci NOT NULL,
  `description` text COLLATE utf8_unicode_ci,
  `status` enum('active','inactive') COLLATE utf8_unicode_ci NOT NULL,
  `created_at` datetime DEFAULT NULL,
  `updated_at` datetime DEFAULT NULL
) ENGINE=InnoDB DEFAULT CHARSET=utf8 COLLATE=utf8_unicode_ci;

--
-- Dumping data for table `category`
--

INSERT INTO `category` (`id`, `name`, `description`, `status`, `created_at`, `updated_at`) VALUES
(1, 'Electronics', 'Electronics  Category', 'active', '2019-11-18 05:15:34', NULL),
(2, 'Agriculture', 'Agriculture Category', 'active', '2019-11-18 05:17:32', NULL);

-- --------------------------------------------------------

--
-- Table structure for table `company`
--

CREATE TABLE `company` (
  `id` int(11) NOT NULL,
  `company_name` varchar(127) DEFAULT NULL,
  `address` text,
  `country` varchar(127) DEFAULT NULL,
  `city` varchar(64) DEFAULT NULL,
  `state` varchar(64) DEFAULT NULL,
  `zip` varchar(64) DEFAULT NULL,
  `file_company_logo` varchar(256) DEFAULT NULL,
  `file_report_logo` varchar(256) DEFAULT NULL,
  `file_report_background` varchar(256) DEFAULT NULL,
  `report_footer` varchar(256) DEFAULT NULL
) ENGINE=MyISAM DEFAULT CHARSET=utf8;

--
-- Dumping data for table `company`
--

INSERT INTO `company` (`id`, `company_name`, `address`, `country`, `city`, `state`, `zip`, `file_company_logo`, `file_report_logo`, `file_report_background`, `report_footer`) VALUES
(1, 'Pata Corporation', 'C-20,JAkir Hossain Road,Block-E, Md-pur', 'US', 'PArk', 'NY', '1212', NULL, NULL, NULL, 'footer content XXXXXXXXX XXXXXXX');

-- --------------------------------------------------------

--
-- Table structure for table `country`
--

CREATE TABLE `country` (
  `id` int(11) NOT NULL,
  `country` varchar(200) NOT NULL DEFAULT ''
) ENGINE=MyISAM DEFAULT CHARSET=utf8;

--
-- Dumping data for table `country`
--

INSERT INTO `country` (`id`, `country`) VALUES
(1, 'Afghanistan'),
(2, 'Åland Islands'),
(3, 'Albania'),
(4, 'Algeria'),
(5, 'American Samoa'),
(6, 'Andorra'),
(7, 'Angola'),
(8, 'Anguilla'),
(9, 'Antarctica'),
(10, 'Antigua and Barbuda'),
(11, 'Argentina'),
(12, 'Armenia'),
(13, 'Aruba'),
(14, 'Australia'),
(15, 'Austria'),
(16, 'Azerbaijan'),
(17, 'Bahamas'),
(18, 'Bahrain'),
(19, 'Bangladesh'),
(20, 'Barbados'),
(21, 'Belarus'),
(22, 'Belgium'),
(23, 'Belize'),
(24, 'Benin'),
(25, 'Bermuda'),
(26, 'Bhutan'),
(27, 'Bolivia'),
(28, 'Bosnia and Herzegovina'),
(29, 'Botswana'),
(30, 'Bouvet Island'),
(31, 'Brazil'),
(32, 'British Indian Ocean Territory'),
(33, 'Brunei Darussalam'),
(34, 'Bulgaria'),
(35, 'Burkina Faso'),
(36, 'Burundi'),
(37, 'Cambodia'),
(38, 'Cameroon'),
(39, 'Canada'),
(40, 'Cape Verde'),
(41, 'Cayman Islands'),
(42, 'Central African Republic'),
(43, 'Chad'),
(44, 'Chile'),
(45, 'China'),
(46, 'Christmas Island'),
(47, 'Cocos (Keeling) Islands'),
(48, 'Colombia'),
(49, 'Comoros'),
(50, 'Congo'),
(51, 'Congo, The Democratic Republic of the'),
(52, 'Cook Islands'),
(53, 'Costa Rica'),
(54, 'Côte D''Ivoire'),
(55, 'Croatia'),
(56, 'Cuba'),
(57, 'Cyprus'),
(58, 'Czech Republic'),
(59, 'Denmark'),
(60, 'Djibouti'),
(61, 'Dominica'),
(62, 'Dominican Republic'),
(63, 'Ecuador'),
(64, 'Egypt'),
(65, 'El Salvador'),
(66, 'Equatorial Guinea'),
(67, 'Eritrea'),
(68, 'Estonia'),
(69, 'Ethiopia'),
(70, 'Falkland Islands (Malvinas)'),
(71, 'Faroe Islands'),
(72, 'Fiji'),
(73, 'Finland'),
(74, 'France'),
(75, 'French Guiana'),
(76, 'French Polynesia'),
(77, 'French Southern Territories'),
(78, 'Gabon'),
(79, 'Gambia'),
(80, 'Georgia'),
(81, 'Germany'),
(82, 'Ghana'),
(83, 'Gibraltar'),
(84, 'Greece'),
(85, 'Greenland'),
(86, 'Grenada'),
(87, 'Guadeloupe'),
(88, 'Guam'),
(89, 'Guatemala'),
(90, 'Guernsey'),
(91, 'Guinea'),
(92, 'Guinea-Bissau'),
(93, 'Guyana'),
(94, 'Haiti'),
(95, 'Heard Island and McDonald Islands'),
(96, 'Holy See (Vatican City State)'),
(97, 'Honduras'),
(98, 'Hong Kong'),
(99, 'Hungary'),
(100, 'Iceland'),
(101, 'India'),
(102, 'Indonesia'),
(103, 'Iran, Islamic Republic of'),
(104, 'Iraq'),
(105, 'Ireland'),
(106, 'Isle of Man'),
(107, 'Israel'),
(108, 'Italy'),
(109, 'Jamaica'),
(110, 'Japan'),
(111, 'Jersey'),
(112, 'Jordan'),
(113, 'Kazakhstan'),
(114, 'Kenya'),
(115, 'Kiribati'),
(116, 'Korea, Democratic People''s Republic of'),
(117, 'Korea, Republic of'),
(118, 'Kuwait'),
(119, 'Kyrgyzstan'),
(120, 'Lao People''s Democratic Republic'),
(121, 'Latvia'),
(122, 'Lebanon'),
(123, 'Lesotho'),
(124, 'Liberia'),
(125, 'Libyan Arab Jamahiriya'),
(126, 'Liechtenstein'),
(127, 'Lithuania'),
(128, 'Luxembourg'),
(129, 'Macao'),
(130, 'Macedonia, The Former Yugoslav Republic of'),
(131, 'Madagascar'),
(132, 'Malawi'),
(133, 'Malaysia'),
(134, 'Maldives'),
(135, 'Mali'),
(136, 'Malta'),
(137, 'Marshall Islands'),
(138, 'Martinique'),
(139, 'Mauritania'),
(140, 'Mauritius'),
(141, 'Mayotte'),
(142, 'Mexico'),
(143, 'Micronesia, Federated States of'),
(144, 'Moldova, Republic of'),
(145, 'Monaco'),
(146, 'Mongolia'),
(147, 'Montenegro'),
(148, 'Montserrat'),
(149, 'Morocco'),
(150, 'Mozambique'),
(151, 'Myanmar'),
(152, 'Namibia'),
(153, 'Nauru'),
(154, 'Nepal'),
(155, 'Netherlands'),
(156, 'Netherlands Antilles'),
(157, 'New Caledonia'),
(158, 'New Zealand'),
(159, 'Nicaragua'),
(160, 'Niger'),
(161, 'Nigeria'),
(162, 'Niue'),
(163, 'Norfolk Island'),
(164, 'Northern Mariana Islands'),
(165, 'Norway'),
(166, 'Oman'),
(167, 'Pakistan'),
(168, 'Palau'),
(169, 'Palestinian Territory, Occupied'),
(170, 'Panama'),
(171, 'Papua New Guinea'),
(172, 'Paraguay'),
(173, 'Peru'),
(174, 'Philippines'),
(175, 'Pitcairn'),
(176, 'Poland'),
(177, 'Portugal'),
(178, 'Puerto Rico'),
(179, 'Qatar'),
(180, 'Reunion'),
(181, 'Romania'),
(182, 'Russian Federation'),
(183, 'Rwanda'),
(184, 'Saint Barthélemy'),
(185, 'Saint Helena'),
(186, 'Saint Kitts and Nevis'),
(187, 'Saint Lucia'),
(188, 'Saint Martin'),
(189, 'Saint Pierre and Miquelon'),
(190, 'Saint Vincent and the Grenadines'),
(191, 'Samoa'),
(192, 'San Marino'),
(193, 'Sao Tome and Principe'),
(194, 'Saudi Arabia'),
(195, 'Senegal'),
(196, 'Serbia'),
(197, 'Seychelles'),
(198, 'Sierra Leone'),
(199, 'Singapore'),
(200, 'Slovakia'),
(201, 'Slovenia'),
(202, 'Solomon Islands'),
(203, 'Somalia'),
(204, 'South Africa'),
(205, 'South Georgia and the South Sandwich Islands'),
(206, 'Spain'),
(207, 'Sri Lanka'),
(208, 'Sudan'),
(209, 'Suriname'),
(210, 'Svalbard and Jan Mayen'),
(211, 'Swaziland'),
(212, 'Sweden'),
(213, 'Switzerland'),
(214, 'Syrian Arab Republic'),
(215, 'Taiwan, Province Of China'),
(216, 'Tajikistan'),
(217, 'Tanzania, United Republic of'),
(218, 'Thailand'),
(219, 'Timor-Leste'),
(220, 'Togo'),
(221, 'Tokelau'),
(222, 'Tonga'),
(223, 'Trinidad and Tobago'),
(224, 'Tunisia'),
(225, 'Turkey'),
(226, 'Turkmenistan'),
(227, 'Turks and Caicos Islands'),
(228, 'Tuvalu'),
(229, 'Uganda'),
(230, 'Ukraine'),
(231, 'United Arab Emirates'),
(232, 'United Kingdom'),
(233, 'United States'),
(234, 'United States Minor Outlying Islands'),
(235, 'Uruguay'),
(236, 'Uzbekistan'),
(237, 'Vanuatu'),
(238, 'Venezuela'),
(239, 'Viet Nam'),
(240, 'Virgin Islands, British'),
(241, 'Virgin Islands, U.S.'),
(242, 'Wallis And Futuna'),
(243, 'Western Sahara'),
(244, 'Yemen'),
(245, 'Zambia'),
(246, 'Zimbabwe');

-- --------------------------------------------------------

--
-- Table structure for table `customers`
--

CREATE TABLE `customers` (
  `id` int(10) NOT NULL,
  `customer_name` varchar(127) DEFAULT NULL,
  `email` varchar(127) DEFAULT NULL,
  `address` text,
  `city` varchar(127) DEFAULT NULL,
  `state` varchar(64) DEFAULT NULL,
  `zip` varchar(64) DEFAULT NULL,
  `phone_no` varchar(20) DEFAULT NULL
) ENGINE=InnoDB DEFAULT CHARSET=utf8;

--
-- Dumping data for table `customers`
--

INSERT INTO `customers` (`id`, `customer_name`, `email`, `address`, `city`, `state`, `zip`, `phone_no`) VALUES
(1, 'Mike Jak', 'jam@gmail.com', 'California', 'NY', 'NY', '60000', '7864444');

-- --------------------------------------------------------

--
-- Table structure for table `invoice`
--

CREATE TABLE `invoice` (
  `id` int(10) NOT NULL,
  `invoice_no` varchar(64) DEFAULT NULL,
  `customers_id` int(10) DEFAULT NULL,
  `date_of_invoice` date DEFAULT NULL,
  `users_id` int(10) DEFAULT NULL,
  `description` text,
  `internal_notes` text,
  `total_cost` decimal(10,2) DEFAULT NULL,
  `amount_paid` decimal(10,2) DEFAULT NULL
) ENGINE=InnoDB DEFAULT CHARSET=utf8;

--
-- Dumping data for table `invoice`
--

INSERT INTO `invoice` (`id`, `invoice_no`, `customers_id`, `date_of_invoice`, `users_id`, `description`, `internal_notes`, `total_cost`, `amount_paid`) VALUES
(1, '201911-01', 1, '2019-11-18', 9, '', '', '150.00', '150.00');

-- --------------------------------------------------------

--
-- Table structure for table `item_invoice`
--

CREATE TABLE `item_invoice` (
  `id` int(10) NOT NULL,
  `invoice_id` int(10) DEFAULT NULL,
  `product_id` varchar(127) DEFAULT NULL,
  `item_cost` varchar(127) DEFAULT NULL,
  `item_quantity` decimal(10,2) DEFAULT NULL,
  `item_total` decimal(10,2) DEFAULT NULL
) ENGINE=InnoDB DEFAULT CHARSET=utf8;

--
-- Dumping data for table `item_invoice`
--

INSERT INTO `item_invoice` (`id`, `invoice_id`, `product_id`, `item_cost`, `item_quantity`, `item_total`) VALUES
(1, 1, '2', '30.00', '1.00', '30.00'),
(2, 1, '1', '120.00', '1.00', '120.00');

-- --------------------------------------------------------

--
-- Table structure for table `item_purchase`
--

CREATE TABLE `item_purchase` (
  `id` int(10) NOT NULL,
  `purchase_id` int(10) DEFAULT NULL,
  `product_id` varchar(127) DEFAULT NULL,
  `item_cost` varchar(127) DEFAULT NULL,
  `item_quantity` decimal(10,2) DEFAULT NULL,
  `item_total` decimal(10,2) DEFAULT NULL
) ENGINE=InnoDB DEFAULT CHARSET=utf8;

--
-- Dumping data for table `item_purchase`
--

INSERT INTO `item_purchase` (`id`, `purchase_id`, `product_id`, `item_cost`, `item_quantity`, `item_total`) VALUES
(1, 1, '2', '20.00', '1.00', '20.00'),
(2, 1, '1', '100.00', '1.00', '100.00');

-- --------------------------------------------------------

--
-- Table structure for table `product`
--

CREATE TABLE `product` (
  `id` int(11) NOT NULL,
  `users_id` int(10) DEFAULT NULL,
  `product_name` longtext COLLATE utf8_unicode_ci,
  `category_id` int(11) DEFAULT NULL,
  `sub_category_id` int(11) DEFAULT NULL,
  `buying_price` decimal(10,2) DEFAULT NULL,
  `selling_price` decimal(10,2) DEFAULT NULL,
  `brand` varchar(200) COLLATE utf8_unicode_ci DEFAULT NULL,
  `specification` longtext COLLATE utf8_unicode_ci,
  `purchaseType` varchar(20) COLLATE utf8_unicode_ci DEFAULT NULL,
  `assetType` varchar(20) COLLATE utf8_unicode_ci DEFAULT NULL,
  `serial_number` longtext COLLATE utf8_unicode_ci,
  `barcodeNumber` varchar(100) COLLATE utf8_unicode_ci DEFAULT NULL,
  `description` longtext COLLATE utf8_unicode_ci,
  `weight_per_product` varchar(60) COLLATE utf8_unicode_ci DEFAULT NULL,
  `size_per_product` varchar(60) COLLATE utf8_unicode_ci DEFAULT NULL,
  `file_picture` varchar(256) COLLATE utf8_unicode_ci DEFAULT NULL,
  `created_at` datetime DEFAULT NULL,
  `updated_at` datetime DEFAULT NULL,
  `status` enum('active','inactive') COLLATE utf8_unicode_ci DEFAULT NULL
) ENGINE=InnoDB DEFAULT CHARSET=utf8 COLLATE=utf8_unicode_ci;

--
-- Dumping data for table `product`
--

INSERT INTO `product` (`id`, `users_id`, `product_name`, `category_id`, `sub_category_id`, `buying_price`, `selling_price`, `brand`, `specification`, `purchaseType`, `assetType`, `serial_number`, `barcodeNumber`, `description`, `weight_per_product`, `size_per_product`, `file_picture`, `created_at`, `updated_at`, `status`) VALUES
(1, 9, 'Samsung', 1, 1, '100.00', '120.00', 'Samsung', '20 imch', 'Loam', 'Any one', '34343434', '43434343', 'Good Ptoducts', '100 KG', '10x20x30', NULL, '2019-11-18 05:20:12', NULL, 'active'),
(2, 9, 'Tea 100', 2, 2, '20.00', '30.00', 'Tea', 'Tea', 'Tea', 'Tea', 'Tea', 'Tea', 'Tea', 'Tea', 'Tea', NULL, '2019-11-18 06:09:44', NULL, 'active');

-- --------------------------------------------------------

--
-- Table structure for table `purchase`
--

CREATE TABLE `purchase` (
  `id` int(10) NOT NULL,
  `purchase_no` varchar(64) DEFAULT NULL,
  `supplier_id` int(10) DEFAULT NULL,
  `date_of_purchase` date DEFAULT NULL,
  `users_id` int(10) DEFAULT NULL,
  `description` text,
  `internal_notes` text,
  `total_cost` decimal(10,2) DEFAULT NULL,
  `amount_paid` decimal(10,2) DEFAULT NULL
) ENGINE=InnoDB DEFAULT CHARSET=utf8;

--
-- Dumping data for table `purchase`
--

INSERT INTO `purchase` (`id`, `purchase_no`, `supplier_id`, `date_of_purchase`, `users_id`, `description`, `internal_notes`, `total_cost`, `amount_paid`) VALUES
(1, '201911-01', 1, '2019-11-18', 9, 'Store this in room1', 'Store this in room1', '120.00', '120.00');

-- --------------------------------------------------------

--
-- Table structure for table `sub_category`
--

CREATE TABLE `sub_category` (
  `id` int(11) NOT NULL,
  `category_id` int(11) NOT NULL,
  `name` longtext COLLATE utf8_unicode_ci NOT NULL,
  `description` text COLLATE utf8_unicode_ci,
  `status` enum('active','inactive') COLLATE utf8_unicode_ci DEFAULT NULL,
  `created_at` datetime DEFAULT NULL,
  `updated_at` datetime DEFAULT NULL
) ENGINE=InnoDB DEFAULT CHARSET=utf8 COLLATE=utf8_unicode_ci;

--
-- Dumping data for table `sub_category`
--

INSERT INTO `sub_category` (`id`, `category_id`, `name`, `description`, `status`, `created_at`, `updated_at`) VALUES
(1, 1, 'TV', 'TV  Sub category', 'active', '2019-11-18 05:17:05', NULL),
(2, 2, 'Tea', 'Tea Sub category', 'active', '2019-11-18 05:17:56', NULL);

-- --------------------------------------------------------

--
-- Table structure for table `supplier`
--

CREATE TABLE `supplier` (
  `id` int(10) NOT NULL,
  `company` varchar(256) DEFAULT NULL,
  `supplier_name` varchar(127) DEFAULT NULL,
  `email` varchar(127) DEFAULT NULL,
  `address` text,
  `city` varchar(127) DEFAULT NULL,
  `state` varchar(64) DEFAULT NULL,
  `zip` varchar(64) DEFAULT NULL,
  `phone_no` varchar(20) DEFAULT NULL
) ENGINE=InnoDB DEFAULT CHARSET=utf8;

--
-- Dumping data for table `supplier`
--

INSERT INTO `supplier` (`id`, `company`, `supplier_name`, `email`, `address`, `city`, `state`, `zip`, `phone_no`) VALUES
(1, 'Janata Firm', 'Jatan Kumar', 'jatan@gmail.com', 'California', 'California', 'California', '66666', '01736878338');

-- --------------------------------------------------------

--
-- Table structure for table `users`
--

CREATE TABLE `users` (
  `id` bigint(20) NOT NULL,
  `email` varchar(127) NOT NULL,
  `password` varchar(127) NOT NULL,
  `title` varchar(127) NOT NULL,
  `first_name` varchar(127) NOT NULL,
  `last_name` varchar(127) NOT NULL,
  `file_picture` varchar(256) DEFAULT NULL,
  `phone_no` varchar(20) DEFAULT NULL,
  `dob` date DEFAULT NULL,
  `company` varchar(127) DEFAULT NULL,
  `address` varchar(127) DEFAULT NULL,
  `city` varchar(127) DEFAULT NULL,
  `state` varchar(127) DEFAULT NULL,
  `zip` varchar(127) DEFAULT NULL,
  `country_id` varchar(127) DEFAULT NULL,
  `created_at` datetime DEFAULT NULL,
  `updated_at` datetime DEFAULT NULL,
  `user_type` enum('super','staff','client','visitor') NOT NULL,
  `status` enum('active','inactive') NOT NULL
) ENGINE=MyISAM DEFAULT CHARSET=latin1;

--
-- Dumping data for table `users`
--

INSERT INTO `users` (`id`, `email`, `password`, `title`, `first_name`, `last_name`, `file_picture`, `phone_no`, `dob`, `company`, `address`, `city`, `state`, `zip`, `country_id`, `created_at`, `updated_at`, `user_type`, `status`) VALUES
(9, 'admin@pos.com', '123456', 'Mr.', 'First name', 'Last name', '', '', '2019-11-14', '', '', '', '', '', '14', '2011-10-19 00:00:00', '2019-11-18 07:19:53', 'super', 'active');

--
-- Indexes for dumped tables
--

--
-- Indexes for table `category`
--
ALTER TABLE `category`
  ADD PRIMARY KEY (`id`);

--
-- Indexes for table `company`
--
ALTER TABLE `company`
  ADD PRIMARY KEY (`id`);

--
-- Indexes for table `country`
--
ALTER TABLE `country`
  ADD PRIMARY KEY (`id`);

--
-- Indexes for table `customers`
--
ALTER TABLE `customers`
  ADD PRIMARY KEY (`id`);

--
-- Indexes for table `invoice`
--
ALTER TABLE `invoice`
  ADD PRIMARY KEY (`id`);

--
-- Indexes for table `item_invoice`
--
ALTER TABLE `item_invoice`
  ADD PRIMARY KEY (`id`);

--
-- Indexes for table `item_purchase`
--
ALTER TABLE `item_purchase`
  ADD PRIMARY KEY (`id`);

--
-- Indexes for table `product`
--
ALTER TABLE `product`
  ADD PRIMARY KEY (`id`);

--
-- Indexes for table `purchase`
--
ALTER TABLE `purchase`
  ADD PRIMARY KEY (`id`);

--
-- Indexes for table `sub_category`
--
ALTER TABLE `sub_category`
  ADD PRIMARY KEY (`id`);

--
-- Indexes for table `supplier`
--
ALTER TABLE `supplier`
  ADD PRIMARY KEY (`id`);

--
-- Indexes for table `users`
--
ALTER TABLE `users`
  ADD PRIMARY KEY (`id`);

--
-- AUTO_INCREMENT for dumped tables
--

--
-- AUTO_INCREMENT for table `category`
--
ALTER TABLE `category`
  MODIFY `id` int(11) NOT NULL AUTO_INCREMENT, AUTO_INCREMENT=3;
--
-- AUTO_INCREMENT for table `company`
--
ALTER TABLE `company`
  MODIFY `id` int(11) NOT NULL AUTO_INCREMENT, AUTO_INCREMENT=2;
--
-- AUTO_INCREMENT for table `country`
--
ALTER TABLE `country`
  MODIFY `id` int(11) NOT NULL AUTO_INCREMENT, AUTO_INCREMENT=248;
--
-- AUTO_INCREMENT for table `customers`
--
ALTER TABLE `customers`
  MODIFY `id` int(10) NOT NULL AUTO_INCREMENT, AUTO_INCREMENT=2;
--
-- AUTO_INCREMENT for table `invoice`
--
ALTER TABLE `invoice`
  MODIFY `id` int(10) NOT NULL AUTO_INCREMENT, AUTO_INCREMENT=2;
--
-- AUTO_INCREMENT for table `item_invoice`
--
ALTER TABLE `item_invoice`
  MODIFY `id` int(10) NOT NULL AUTO_INCREMENT, AUTO_INCREMENT=3;
--
-- AUTO_INCREMENT for table `item_purchase`
--
ALTER TABLE `item_purchase`
  MODIFY `id` int(10) NOT NULL AUTO_INCREMENT, AUTO_INCREMENT=3;
--
-- AUTO_INCREMENT for table `product`
--
ALTER TABLE `product`
  MODIFY `id` int(11) NOT NULL AUTO_INCREMENT, AUTO_INCREMENT=3;
--
-- AUTO_INCREMENT for table `purchase`
--
ALTER TABLE `purchase`
  MODIFY `id` int(10) NOT NULL AUTO_INCREMENT, AUTO_INCREMENT=2;
--
-- AUTO_INCREMENT for table `sub_category`
--
ALTER TABLE `sub_category`
  MODIFY `id` int(11) NOT NULL AUTO_INCREMENT, AUTO_INCREMENT=3;
--
-- AUTO_INCREMENT for table `supplier`
--
ALTER TABLE `supplier`
  MODIFY `id` int(10) NOT NULL AUTO_INCREMENT, AUTO_INCREMENT=2;
--
-- AUTO_INCREMENT for table `users`
--
ALTER TABLE `users`
  MODIFY `id` bigint(20) NOT NULL AUTO_INCREMENT, AUTO_INCREMENT=10;
/*!40101 SET CHARACTER_SET_CLIENT=@OLD_CHARACTER_SET_CLIENT */;
/*!40101 SET CHARACTER_SET_RESULTS=@OLD_CHARACTER_SET_RESULTS */;
/*!40101 SET COLLATION_CONNECTION=@OLD_COLLATION_CONNECTION */;
